{
  "schemaVersion": 1,
  "id": "fbrclient",
  "version": "1.21.10",
  "name": "FBR CLIENT",
  "description": "Advanced Minecraft client with CPVP, utility, and performance modules featuring a Krypton-style GUI",
  "authors": [
    "FBR Development Team"
  ],
  "contact": {
    "homepage": "https://github.com/fbrclient/fbrclient",
    "sources": "https://github.com/fbrclient/fbrclient",
    "issues": "https://github.com/fbrclient/fbrclient/issues"
  },
  "license": "MIT",
  "icon": "assets/fbrclient/icon.png",
  "environment": "client",
  "entrypoints": {
    "client": [
      "com.example.fbrclient.FBRClient"
    ]
  },
  "mixins": [
    "fbrclient.mixins.json"
  ],
  "depends": {
    "fabricloader": ">=0.15.0",
    "minecraft": ">=1.20.1",
    "java": ">=17",
    "fabric-api": "*"
  },
  "suggests": {
    "sodium": "*",
    "iris": "*"
  },
  "custom": {
    "modmenu": {
      "badges": [ "client" ],
      "links": {
        "modmenu.discord": "https://discord.gg/fbrclient"
      }
    }
  }
}
